Timestamp,ColorChoice,Emotion,SentimentScore,OptionalText
2025-05-09T15:12:14.181801,#800080,Mysterious,0,
2025-05-09T15:12:17.883386,#90EE90,Calm,1,
2025-05-09T15:12:23.780471,#006400,Peaceful,1,
2025-05-09T15:17:56.461844,#8A2BE2,Anxious,-1,
2025-05-09T15:18:02.445063,#0000CD,Depressed,-1,
2025-05-09T15:21:15.478593,#1E90FF,Sad,-1,
2025-05-09T15:41:01.497388,#800080,Mysterious,0,
2025-05-09T16:09:32.989987,#9400D3,Confused,-1,
2025-05-09T20:39:48.092686,#87CEFA,Serene,1,
2025-05-09T21:10:39.537430,#FFFF00,Positive,1,
